{"00000_bboxLowerX": 939, "00000_bboxLowerY": 347, "00000_bboxHigherX": 1033, "00000_bboxHigherY": 441, "00000_timestamp": 1733394827.4908338, "00000_bboxConf": 0.5439058542251587, "00000_x": -4.416640758514404, "00000_y": 4.997725963592529, "00000_z": -0.4421089291572571, "00000_activeBinary": 1, "00001_bboxLowerX": 689, "00001_bboxLowerY": 340, "00001_bboxHigherX": 717, "00001_bboxHigherY": 379, "00001_timestamp": 1733394827.4908338, "00001_bboxConf": 0.6508424878120422, "00001_x": -0.5376231670379639, "00001_y": 5.701331615447998, "00001_z": -0.6613767147064209, "00001_activeBinary": 1, "00003_bboxLowerX": 618, "00003_bboxLowerY": 348, "00003_bboxHigherX": 654, "00003_bboxHigherY": 397, "00003_timestamp": 1733394827.4908338, "00003_bboxConf": 0.4945351481437683, "00003_x": -1.32830810546875, "00003_y": 6.704045295715332, "00003_z": -0.6331025958061218, "00003_activeBinary": 1, "00004_bboxLowerX": 665, "00004_bboxLowerY": 344, "00004_bboxHigherX": 687, "00004_bboxHigherY": 371, "00004_timestamp": 1733394827.4908338, "00004_bboxConf": 0.30178046226501465, "00004_x": -0.6990208923816681, "00004_y": 6.131975173950195, "00004_z": -0.6088846623897552, "00004_activeBinary": 1, "00006_bboxLowerX": 821, "00006_bboxLowerY": 302, "00006_bboxHigherX": 878, "00006_bboxHigherY": 492, "00006_timestamp": 1733394827.4908338, "00006_bboxConf": 0.7954041361808777, "00006_x": -0.4083464443683624, "00006_y": 3.4138617515563965, "00006_z": -0.6640445590019226, "00006_activeBinary": 1, "00007_bboxLowerX": 428, "00007_bboxLowerY": 188, "00007_bboxHigherX": 573, "00007_bboxHigherY": 713, "00007_timestamp": 1733394827.4908338, "00007_bboxConf": 0.922692060470581, "00007_x": -1.0546613335609436, "00007_y": 9.115118503570557, "00007_z": -0.07632283493876457, "00007_activeBinary": 1}