{
    "00000_bboxLowerX": 939,
    "00000_bboxLowerY": 347,
    "00000_bboxHigherX": 1034,
    "00000_bboxHigherY": 441,
    "00000_timestamp": 1733394827.6945817,
    "00000_bboxConf": 0.5113884806632996,
    "00000_x": -4.41426944732666,
    "00000_y": 4.999277114868164,
    "00000_z": -0.4427354484796524,
    "00000_activeBinary": 1,
    "00001_bboxLowerX": 747,
    "00001_bboxLowerY": 365,
    "00001_bboxHigherX": 805,
    "00001_bboxHigherY": 486,
    "00001_timestamp": 1733394827.6945817,
    "00001_bboxConf": 0.28931573033332825,
    "00001_x": -1.4524053931236267,
    "00001_y": 5.096320152282715,
    "00001_z": -1.4002161026000977,
    "00001_activeBinary": 1,
    "00003_bboxLowerX": 616,
    "00003_bboxLowerY": 348,
    "00003_bboxHigherX": 653,
    "00003_bboxHigherY": 396,
    "00003_timestamp": 1733394827.6945817,
    "00003_bboxConf": 0.36019033193588257,
    "00003_x": -1.3302867412567139,
    "00003_y": 6.724462032318115,
    "00003_z": -0.5803520679473877,
    "00003_activeBinary": 1,
    "00008_bboxLowerX": NaN,
    "00008_bboxLowerY": NaN,
    "00008_bboxHigherX": NaN,
    "00008_bboxHigherY": NaN,
    "00008_timestamp": NaN,
    "00008_bboxConf": NaN,
    "00008_x": NaN,
    "00008_y": NaN,
    "00008_z": NaN,
    "00008_activeBinary": 0,
    "00006_bboxLowerX": 817,
    "00006_bboxLowerY": 306,
    "00006_bboxHigherX": 868,
    "00006_bboxHigherY": 491,
    "00006_timestamp": 1733394827.6945817,
    "00006_bboxConf": 0.732966423034668,
    "00006_x": -0.40891626477241516,
    "00006_y": 3.493582010269165,
    "00006_z": -0.675662636756897,
    "00006_activeBinary": 1,
    "00007_bboxLowerX": 445,
    "00007_bboxLowerY": 203,
    "00007_bboxHigherX": 590,
    "00007_bboxHigherY": 713,
    "00007_timestamp": 1733394827.6945817,
    "00007_bboxConf": 0.9107066988945007,
    "00007_x": -0.975884735584259,
    "00007_y": 9.040730476379395,
    "00007_z": -0.18644122779369353,
    "00007_activeBinary": 1
}